qualified_name,name,source_origin,format,creators,access,modifiers,relative_path,sha256,status
queerdatagap://artifact/input/code/queerdatagap_clean_frequency_matrix_LGBTQ_vocabulary.ipynb@sha256:65481a7095adcb74bfdd2294173a30a4180025204db1a6defb80ce153020b780,queerdatagap_clean_frequency_matrix_LGBTQ_vocabulary.ipynb,https://github.com/gevargas/queerdatagap/blob/94fba639e34048cfe6ba57bddf8cd2ef5c606e4f/notebooks/queerdatagap_clean_frequency_matrix_LGBTQ_vocabulary.ipynb,Jupyter notebook,Unknown,Unknown,Unknown,input/code/queerdatagap_clean_frequency_matrix_LGBTQ_vocabulary.ipynb,65481a7095adcb74bfdd2294173a30a4180025204db1a6defb80ce153020b780,ok
queerdatagap://artifact/input/code/queerdatagraph_explorando_terminos_relaciones_SRT.ipynb@sha256:a08e00727063b3c711600d39eaf31cf27c1afa211564e89a00db1034b2a72ddf,queerdatagraph_explorando_terminos_relaciones_SRT.ipynb,https://github.com/gevargas/queerdatagap/blob/94fba639e34048cfe6ba57bddf8cd2ef5c606e4f/notebooks/queerdatagraph_explorando_terminos_relaciones_SRT.ipynb,Jupyter notebook,Unknown,Unknown,Unknown,input/code/queerdatagraph_explorando_terminos_relaciones_SRT.ipynb,a08e00727063b3c711600d39eaf31cf27c1afa211564e89a00db1034b2a72ddf,ok
queerdatagap://artifact/input/documents/Glosario_TDSyG_WEB.pdf@sha256:bd5d5626f4a8661f4ce13f9664f556fc4588d2539e1e7cd7db591c54a5e755b5,Glosario_TDSyG_WEB.pdf,User-supplied file; upstream origin not yet verified,PDF document,Unknown,Unknown,Unknown,input/documents/Glosario_TDSyG_WEB.pdf,bd5d5626f4a8661f4ce13f9664f556fc4588d2539e1e7cd7db591c54a5e755b5,ok
queerdatagap://artifact/input/documents/Resentir_lo_queer_en_America_Latina.pdf@sha256:574fe7deb891b41dc331aa3c02056065e348ae6cdb04b37d2b2b23ed012f7951,Resentir_lo_queer_en_America_Latina.pdf,User-supplied file; upstream origin not yet verified,PDF document,Unknown,Unknown,Unknown,input/documents/Resentir_lo_queer_en_America_Latina.pdf,574fe7deb891b41dc331aa3c02056065e348ae6cdb04b37d2b2b23ed012f7951,ok
queerdatagap://artifact/input/tables/QueerDataGap_Lexico_Situado.xlsx@sha256:197ecb6be24578e27f57aa7b42548c4c708d2015983cc5fda668d889e0da0a34,QueerDataGap_Lexico_Situado.xlsx,User-supplied file; upstream origin not yet verified,Excel workbook,Unknown,Unknown,Unknown,input/tables/QueerDataGap_Lexico_Situado.xlsx,197ecb6be24578e27f57aa7b42548c4c708d2015983cc5fda668d889e0da0a34,ok
queerdatagap://artifact/input/tables/lista_podcasts.xlsx@sha256:c2039029caa59b3316a4a28493e81c00d3329cb92eb909135cb0ddb6802bb808,lista_podcasts.xlsx,User-supplied file; upstream origin not yet verified,Excel workbook,Unknown,Unknown,Unknown,input/tables/lista_podcasts.xlsx,c2039029caa59b3316a4a28493e81c00d3329cb92eb909135cb0ddb6802bb808,ok
queerdatagap://artifact/input/transcripts/fvfRMweIiWw.srt@sha256:14adffc82f94e8495fcceaeb58bc97411c3a6c7e301c5abbe011545b18e11df9,fvfRMweIiWw.srt,User-supplied file; upstream origin not yet verified,SRT transcript,Unknown,Unknown,Unknown,input/transcripts/fvfRMweIiWw.srt,14adffc82f94e8495fcceaeb58bc97411c3a6c7e301c5abbe011545b18e11df9,ok
queerdatagap://artifact/input/transcripts/h-CkQVuco1Q.srt@sha256:6a7bc83f7204ddc04de38c8d2b36afb524f1c12a268bd175ec8f5d5137a4f4ba,h-CkQVuco1Q.srt,User-supplied file; upstream origin not yet verified,SRT transcript,Unknown,Unknown,Unknown,input/transcripts/h-CkQVuco1Q.srt,6a7bc83f7204ddc04de38c8d2b36afb524f1c12a268bd175ec8f5d5137a4f4ba,ok
queerdatagap://artifact/input/transcripts/rTYgX5Qtoqs.srt@sha256:fa3e3be95033bb1e3e125e2e94442149224e836fe5a64abc4a5d4843de5aab04,rTYgX5Qtoqs.srt,User-supplied file; upstream origin not yet verified,SRT transcript,Unknown,Unknown,Unknown,input/transcripts/rTYgX5Qtoqs.srt,fa3e3be95033bb1e3e125e2e94442149224e836fe5a64abc4a5d4843de5aab04,ok
queerdatagap://artifact/runs/20260915T172858_c692996a/executed_notebook_source.py@sha256:68f22f45f7a92ec7ff2d75987bba67608512e10467f91dc9d30378cc41582557,executed_notebook_source.py,Code cells of metadata_provenance_atlas.ipynb,Python code,qdg-metadata-notebook-1.0,Unknown,Unknown,runs/20260915T172858_c692996a/executed_notebook_source.py,68f22f45f7a92ec7ff2d75987bba67608512e10467f91dc9d30378cc41582557,ok
queerdatagap://artifact/runs/20260915T172858_c692996a/run_config.json@sha256:97158d18e447386230878efa3ae1bffb2062094e93b8a4caffc0d6352c2ebf16,run_config.json,Configuration recorded by this execution,JSON metadata,qdg-metadata-notebook-1.0,Unknown,Unknown,runs/20260915T172858_c692996a/run_config.json,97158d18e447386230878efa3ae1bffb2062094e93b8a4caffc0d6352c2ebf16,ok
queerdatagap://artifact/runs/20260915T172858_c692996a/curator_annotations.json@sha256:3b4ad5a62ad365f85025868f262a46a8f3101bb54ca109b58120d800a937c6fb,curator_annotations.json,Curator annotations loaded for this run,JSON metadata,qdg-metadata-notebook-1.0,Unknown,Unknown,runs/20260915T172858_c692996a/curator_annotations.json,3b4ad5a62ad365f85025868f262a46a8f3101bb54ca109b58120d800a937c6fb,ok
queerdatagap://artifact/input_manifest.json@sha256:cc0d5fffbea280f87994e6f8795ec4538f4e4c665e5e6fc97df25d5622239c69,input_manifest.json,Recorded during package assembly,JSON metadata,Package assembly process,Unknown,Unknown,input_manifest.json,cc0d5fffbea280f87994e6f8795ec4538f4e4c665e5e6fc97df25d5622239c69,ok
queerdatagap://artifact/repository_snapshot.json@sha256:1cf22846a2d65826fd3af4d680b5cb8f256f96133d3da9c64006413792326eb4,repository_snapshot.json,Recorded during package assembly,JSON metadata,Package assembly process,Unknown,Unknown,repository_snapshot.json,1cf22846a2d65826fd3af4d680b5cb8f256f96133d3da9c64006413792326eb4,ok
queerdatagap://artifact/runs/20260915T172858_c692996a/QueerDataGap_Lexico_Situado__sheet_1.csv@sha256:f86ba0e69eefd76f40531be66e38c0f9a8b407027b7eeacce1423e460f9ba881,QueerDataGap_Lexico_Situado__sheet_1.csv,queerdatagap://artifact/input/tables/QueerDataGap_Lexico_Situado.xlsx@sha256:197ecb6be24578e27f57aa7b42548c4c708d2015983cc5fda668d889e0da0a34#sheet=M%C3%A9xico,CSV dataset,qdg-metadata-notebook-1.0,Unknown,Unknown,runs/20260915T172858_c692996a/QueerDataGap_Lexico_Situado__sheet_1.csv,f86ba0e69eefd76f40531be66e38c0f9a8b407027b7eeacce1423e460f9ba881,ok
queerdatagap://artifact/runs/20260915T172858_c692996a/QueerDataGap_Lexico_Situado__sheet_2.csv@sha256:1fea61b9506ff3c015e804845d2989c73a5cd99dd91e41e1f4ee6d919cf2e432,QueerDataGap_Lexico_Situado__sheet_2.csv,queerdatagap://artifact/input/tables/QueerDataGap_Lexico_Situado.xlsx@sha256:197ecb6be24578e27f57aa7b42548c4c708d2015983cc5fda668d889e0da0a34#sheet=Argentina,CSV dataset,qdg-metadata-notebook-1.0,Unknown,Unknown,runs/20260915T172858_c692996a/QueerDataGap_Lexico_Situado__sheet_2.csv,1fea61b9506ff3c015e804845d2989c73a5cd99dd91e41e1f4ee6d919cf2e432,ok
queerdatagap://artifact/runs/20260915T172858_c692996a/QueerDataGap_Lexico_Situado__sheet_3.csv@sha256:c234b953ee844ba994b8c80bdad69a301f73d29369c8447f82aff05dee1dbd02,QueerDataGap_Lexico_Situado__sheet_3.csv,queerdatagap://artifact/input/tables/QueerDataGap_Lexico_Situado.xlsx@sha256:197ecb6be24578e27f57aa7b42548c4c708d2015983cc5fda668d889e0da0a34#sheet=Espa%C3%B1a,CSV dataset,qdg-metadata-notebook-1.0,Unknown,Unknown,runs/20260915T172858_c692996a/QueerDataGap_Lexico_Situado__sheet_3.csv,c234b953ee844ba994b8c80bdad69a301f73d29369c8447f82aff05dee1dbd02,ok
queerdatagap://artifact/runs/20260915T172858_c692996a/QueerDataGap_Lexico_Situado__sheet_4.csv@sha256:81cbd19bb928e68d7c1991a7471fb9e5b9dcb782b25e7b950926aa26072ad4d2,QueerDataGap_Lexico_Situado__sheet_4.csv,queerdatagap://artifact/input/tables/QueerDataGap_Lexico_Situado.xlsx@sha256:197ecb6be24578e27f57aa7b42548c4c708d2015983cc5fda668d889e0da0a34#sheet=Otros_Pa%C3%ADses,CSV dataset,qdg-metadata-notebook-1.0,Unknown,Unknown,runs/20260915T172858_c692996a/QueerDataGap_Lexico_Situado__sheet_4.csv,81cbd19bb928e68d7c1991a7471fb9e5b9dcb782b25e7b950926aa26072ad4d2,ok
queerdatagap://artifact/runs/20260915T172858_c692996a/QueerDataGap_Lexico_Situado__sheet_5.csv@sha256:7f793a68e58bd8b4df12f27370a495337ec941b1b7c8d3dd1ed497927e955bcd,QueerDataGap_Lexico_Situado__sheet_5.csv,queerdatagap://artifact/input/tables/QueerDataGap_Lexico_Situado.xlsx@sha256:197ecb6be24578e27f57aa7b42548c4c708d2015983cc5fda668d889e0da0a34#sheet=Est%C3%A1ndar_Referencia,CSV dataset,qdg-metadata-notebook-1.0,Unknown,Unknown,runs/20260915T172858_c692996a/QueerDataGap_Lexico_Situado__sheet_5.csv,7f793a68e58bd8b4df12f27370a495337ec941b1b7c8d3dd1ed497927e955bcd,ok
queerdatagap://artifact/runs/20260915T172858_c692996a/QueerDataGap_Lexico_Situado__sheet_6.csv@sha256:4700a09327504695aa07aa86c7fb0cee38f835b36d0320ae091aa96b6ef77f8c,QueerDataGap_Lexico_Situado__sheet_6.csv,queerdatagap://artifact/input/tables/QueerDataGap_Lexico_Situado.xlsx@sha256:197ecb6be24578e27f57aa7b42548c4c708d2015983cc5fda668d889e0da0a34#sheet=Categor%C3%ADas_Tem%C3%A1ticas,CSV dataset,qdg-metadata-notebook-1.0,Unknown,Unknown,runs/20260915T172858_c692996a/QueerDataGap_Lexico_Situado__sheet_6.csv,4700a09327504695aa07aa86c7fb0cee38f835b36d0320ae091aa96b6ef77f8c,ok
queerdatagap://artifact/runs/20260915T172858_c692996a/QueerDataGap_Lexico_Situado__sheet_7.csv@sha256:d94fcd4d1463a9431a39e757bf903c29bb030a5e25c5eaecdd6c011fd5d9e98d,QueerDataGap_Lexico_Situado__sheet_7.csv,queerdatagap://artifact/input/tables/QueerDataGap_Lexico_Situado.xlsx@sha256:197ecb6be24578e27f57aa7b42548c4c708d2015983cc5fda668d889e0da0a34#sheet=Fases,CSV dataset,qdg-metadata-notebook-1.0,Unknown,Unknown,runs/20260915T172858_c692996a/QueerDataGap_Lexico_Situado__sheet_7.csv,d94fcd4d1463a9431a39e757bf903c29bb030a5e25c5eaecdd6c011fd5d9e98d,ok
queerdatagap://artifact/runs/20260915T172858_c692996a/QueerDataGap_Lexico_Situado__sheet_8.csv@sha256:1fd10f8e31fe2e9ec87d4138e74f79ab7b4bd4fcf5456b7ccb5ce1ddef001c29,QueerDataGap_Lexico_Situado__sheet_8.csv,queerdatagap://artifact/input/tables/QueerDataGap_Lexico_Situado.xlsx@sha256:197ecb6be24578e27f57aa7b42548c4c708d2015983cc5fda668d889e0da0a34#sheet=Notas%20%7C%20Citas,CSV dataset,qdg-metadata-notebook-1.0,Unknown,Unknown,runs/20260915T172858_c692996a/QueerDataGap_Lexico_Situado__sheet_8.csv,1fd10f8e31fe2e9ec87d4138e74f79ab7b4bd4fcf5456b7ccb5ce1ddef001c29,ok
queerdatagap://artifact/runs/20260915T172858_c692996a/lista_podcasts__sheet_1.csv@sha256:f29d5ad376ab750598d3286a4cd54f3abb41b1e58281235a07946e21bfef8e15,lista_podcasts__sheet_1.csv,queerdatagap://artifact/input/tables/lista_podcasts.xlsx@sha256:c2039029caa59b3316a4a28493e81c00d3329cb92eb909135cb0ddb6802bb808#sheet=Podcasts_Episodios,CSV dataset,qdg-metadata-notebook-1.0,Unknown,Unknown,runs/20260915T172858_c692996a/lista_podcasts__sheet_1.csv,f29d5ad376ab750598d3286a4cd54f3abb41b1e58281235a07946e21bfef8e15,ok
queerdatagap://artifact/runs/20260915T172858_c692996a/fvfRMweIiWw__cues.csv@sha256:48194b842f5f983ed12b4e9cd46036c2f0f18a95f7ae3bb80355c52f628bb9fe,fvfRMweIiWw__cues.csv,queerdatagap://artifact/input/transcripts/fvfRMweIiWw.srt@sha256:14adffc82f94e8495fcceaeb58bc97411c3a6c7e301c5abbe011545b18e11df9,CSV dataset,qdg-metadata-notebook-1.0,Unknown,Unknown,runs/20260915T172858_c692996a/fvfRMweIiWw__cues.csv,48194b842f5f983ed12b4e9cd46036c2f0f18a95f7ae3bb80355c52f628bb9fe,ok
queerdatagap://artifact/runs/20260915T172858_c692996a/h-CkQVuco1Q__cues.csv@sha256:d0617da8f82ac0e2db0b5148118b50f3aff7e4e4de62628786c1065215b56ac7,h-CkQVuco1Q__cues.csv,queerdatagap://artifact/input/transcripts/h-CkQVuco1Q.srt@sha256:6a7bc83f7204ddc04de38c8d2b36afb524f1c12a268bd175ec8f5d5137a4f4ba,CSV dataset,qdg-metadata-notebook-1.0,Unknown,Unknown,runs/20260915T172858_c692996a/h-CkQVuco1Q__cues.csv,d0617da8f82ac0e2db0b5148118b50f3aff7e4e4de62628786c1065215b56ac7,ok
queerdatagap://artifact/runs/20260915T172858_c692996a/rTYgX5Qtoqs__cues.csv@sha256:dcbe22862a6e45c1fcf445fae8b13fae4cf9f77559a17dcd27a553285e8e5cfd,rTYgX5Qtoqs__cues.csv,queerdatagap://artifact/input/transcripts/rTYgX5Qtoqs.srt@sha256:fa3e3be95033bb1e3e125e2e94442149224e836fe5a64abc4a5d4843de5aab04,CSV dataset,qdg-metadata-notebook-1.0,Unknown,Unknown,runs/20260915T172858_c692996a/rTYgX5Qtoqs__cues.csv,dcbe22862a6e45c1fcf445fae8b13fae4cf9f77559a17dcd27a553285e8e5cfd,ok
queerdatagap://artifact/runs/20260915T172858_c692996a/extracted_metadata.json@sha256:d3a054611217396f075451afafb95c2c33c3f8c95869ee4d474410372dd47c4b,extracted_metadata.json,Metadata extracted in run 20260915T172858_c692996a,JSON metadata,qdg-metadata-notebook-1.0,Unknown,Unknown,runs/20260915T172858_c692996a/extracted_metadata.json,d3a054611217396f075451afafb95c2c33c3f8c95869ee4d474410372dd47c4b,ok
